{
    "swagger": "2.0",
    "info": {
        "contact": {}
    },
    "paths": {
        "/ApiDoc/App/GetApp": {
            "post": {
                "produces": [
                    "application/json"
                ],
                "tags": [
                    "( /admin-api ) ApiDoc"
                ],
                "summary": "App列表-查詢列表",
                "parameters": [
                    {
                        "type": "string",
                        "description": "使用者已登入驗證 ex:cc6r7hjd0cvmdcrecm0g#1661842374",
                        "name": "cid",
                        "in": "header",
                        "required": true
                    },
                    {
                        "description": "test",
                        "name": "param",
                        "in": "body",
                        "required": true,
                        "schema": {
                            "$ref": "#/definitions/models.PostAppReq"
                        }
                    }
                ],
                "responses": {
                    "200": {
                        "description": "OK",
                        "schema": {
                            "$ref": "#/definitions/models.Doc_GetAppRM"
                        }
                    }
                }
            }
        },
        "/ApiDoc/App/PutApp": {
            "put": {
                "produces": [
                    "application/json"
                ],
                "tags": [
                    "( /admin-api ) ApiDoc"
                ],
                "summary": "App列表-增刪修",
                "parameters": [
                    {
                        "type": "string",
                        "description": "使用者已登入驗證 ex:cc6r7hjd0cvmdcrecm0g#1661842374",
                        "name": "cid",
                        "in": "header",
                        "required": true
                    },
                    {
                        "description": "test",
                        "name": "param",
                        "in": "body",
                        "required": true,
                        "schema": {
                            "$ref": "#/definitions/models.Doc_AppModel"
                        }
                    }
                ],
                "responses": {
                    "200": {
                        "description": "OK",
                        "schema": {
                            "$ref": "#/definitions/models.Doc_PutResponseRM"
                        }
                    }
                }
            }
        },
        "/ApiDoc/AppChannel/GetAppChannel": {
            "post": {
                "produces": [
                    "application/json"
                ],
                "tags": [
                    "( /admin-api ) ApiDoc"
                ],
                "summary": "渠道管理-查詢列表",
                "parameters": [
                    {
                        "type": "string",
                        "description": "使用者已登入驗證 ex:cc6r7hjd0cvmdcrecm0g#1661842374",
                        "name": "cid",
                        "in": "header",
                        "required": true
                    },
                    {
                        "description": "test",
                        "name": "param",
                        "in": "body",
                        "required": true,
                        "schema": {
                            "$ref": "#/definitions/models.Doc_PostAppChannelReq"
                        }
                    }
                ],
                "responses": {
                    "200": {
                        "description": "OK",
                        "schema": {
                            "$ref": "#/definitions/models.Doc_GetAppChannelRM"
                        }
                    }
                }
            }
        },
        "/ApiDoc/AppChannel/PutAppChannel": {
            "put": {
                "produces": [
                    "application/json"
                ],
                "tags": [
                    "( /admin-api ) ApiDoc"
                ],
                "summary": "渠道管理-增刪修",
                "parameters": [
                    {
                        "type": "string",
                        "description": "使用者已登入驗證 ex:cc6r7hjd0cvmdcrecm0g#1661842374",
                        "name": "cid",
                        "in": "header",
                        "required": true
                    },
                    {
                        "description": "test",
                        "name": "param",
                        "in": "body",
                        "required": true,
                        "schema": {
                            "$ref": "#/definitions/models.Doc_AppChannelModel"
                        }
                    }
                ],
                "responses": {
                    "200": {
                        "description": "OK",
                        "schema": {
                            "$ref": "#/definitions/models.Doc_PutResponseRM"
                        }
                    }
                }
            }
        },
        "/ApiDoc/GuestWeb/Login": {
            "post": {
                "produces": [
                    "application/json"
                ],
                "tags": [
                    "( /guest-api ) ApiDoc"
                ],
                "summary": "帳號登入 20220830",
                "parameters": [
                    {
                        "description": "test",
                        "name": "param",
                        "in": "body",
                        "required": true,
                        "schema": {
                            "$ref": "#/definitions/models.Doc_UserLoginReq"
                        }
                    }
                ],
                "responses": {
                    "200": {
                        "description": "OK",
                        "schema": {
                            "$ref": "#/definitions/models.Doc_UserLoginRM"
                        }
                    }
                }
            }
        },
        "/ApiDoc/GuestWeb/RegisterUser": {
            "put": {
                "produces": [
                    "application/json"
                ],
                "tags": [
                    "( /guest-api ) ApiDoc"
                ],
                "summary": "帳號註冊 20220829",
                "parameters": [
                    {
                        "type": "string",
                        "description": "eyJ1a2V5IjoiNVA0TFA4QjVCNExSIiwiZ2tleSI6IkYyQUVWRlIyIn0=",
                        "name": "code",
                        "in": "header"
                    },
                    {
                        "description": "test",
                        "name": "param",
                        "in": "body",
                        "required": true,
                        "schema": {
                            "$ref": "#/definitions/models.Doc_RegisterModel"
                        }
                    }
                ],
                "responses": {
                    "200": {
                        "description": "OK",
                        "schema": {
                            "$ref": "#/definitions/models.Doc_RegisterUserRM"
                        }
                    }
                }
            }
        },
        "/ApiDoc/OwnerUser/GetOwnerUser": {
            "post": {
                "produces": [
                    "application/json"
                ],
                "tags": [
                    "( /admin-api ) ApiDoc"
                ],
                "summary": "帳號維護-查詢列表",
                "parameters": [
                    {
                        "type": "string",
                        "description": "使用者已登入驗證 ex:  cc6r7hjd0cvmdcrecm0g#1661842374",
                        "name": "cid",
                        "in": "header",
                        "required": true
                    },
                    {
                        "description": "test",
                        "name": "param",
                        "in": "body",
                        "required": true,
                        "schema": {
                            "$ref": "#/definitions/models.Doc_PostOwnerUserReq"
                        }
                    }
                ],
                "responses": {
                    "200": {
                        "description": "OK",
                        "schema": {
                            "$ref": "#/definitions/models.Doc_GetOwnerUserRM"
                        }
                    }
                }
            }
        },
        "/ApiDoc/OwnerUser/PutOwnerUser": {
            "put": {
                "produces": [
                    "application/json"
                ],
                "tags": [
                    "( /admin-api ) ApiDoc"
                ],
                "summary": "帳號維護-增刪修",
                "parameters": [
                    {
                        "type": "string",
                        "description": "使用者已登入驗證 ex:cc6r7hjd0cvmdcrecm0g#1661842374",
                        "name": "cid",
                        "in": "header",
                        "required": true
                    },
                    {
                        "description": "test",
                        "name": "param",
                        "in": "body",
                        "required": true,
                        "schema": {
                            "$ref": "#/definitions/models.Doc_OwnerUserModel"
                        }
                    }
                ],
                "responses": {
                    "200": {
                        "description": "OK",
                        "schema": {
                            "$ref": "#/definitions/models.Doc_PutResponseRM"
                        }
                    }
                }
            }
        },
        "/ApiDoc/OwnerUser/ReSetPassword": {
            "put": {
                "produces": [
                    "application/json"
                ],
                "tags": [
                    "( /admin-api ) ApiDoc"
                ],
                "summary": "帳號維護-個人資訊修改(修改密碼)",
                "parameters": [
                    {
                        "type": "string",
                        "description": "使用者已登入驗證 ex:cc6r7hjd0cvmdcrecm0g#1661842374",
                        "name": "cid",
                        "in": "header",
                        "required": true
                    },
                    {
                        "description": "test",
                        "name": "param",
                        "in": "body",
                        "required": true,
                        "schema": {
                            "$ref": "#/definitions/models.Doc_ReSetPasswordReq"
                        }
                    }
                ],
                "responses": {
                    "200": {
                        "description": "OK",
                        "schema": {
                            "$ref": "#/definitions/models.Doc_PutResponseRM"
                        }
                    }
                }
            }
        },
        "/ApiDoc/Role/GetRole": {
            "post": {
                "produces": [
                    "application/json"
                ],
                "tags": [
                    "( /admin-api ) ApiDoc"
                ],
                "summary": "角色-查詢列表",
                "parameters": [
                    {
                        "type": "string",
                        "description": "使用者已登入驗證 ex:cc6r7hjd0cvmdcrecm0g#1661842374",
                        "name": "cid",
                        "in": "header",
                        "required": true
                    },
                    {
                        "description": "test",
                        "name": "param",
                        "in": "body",
                        "required": true,
                        "schema": {
                            "$ref": "#/definitions/models.Doc_PostRoleReq"
                        }
                    }
                ],
                "responses": {
                    "200": {
                        "description": "OK",
                        "schema": {
                            "$ref": "#/definitions/models.Doc_GetRoleRM"
                        }
                    }
                }
            }
        },
        "/ApiDoc/Role/PutRole": {
            "put": {
                "produces": [
                    "application/json"
                ],
                "tags": [
                    "( /admin-api ) ApiDoc"
                ],
                "summary": "角色-增刪修",
                "parameters": [
                    {
                        "type": "string",
                        "description": "使用者已登入驗證 ex:cc6r7hjd0cvmdcrecm0g#1661842374",
                        "name": "cid",
                        "in": "header",
                        "required": true
                    },
                    {
                        "description": "test",
                        "name": "param",
                        "in": "body",
                        "required": true,
                        "schema": {
                            "$ref": "#/definitions/models.Doc_RoleModel"
                        }
                    }
                ],
                "responses": {
                    "200": {
                        "description": "OK",
                        "schema": {
                            "$ref": "#/definitions/models.Doc_PutResponseRM"
                        }
                    }
                }
            }
        },
        "/ApiDoc/RoleRoute/GetRoleRoute": {
            "post": {
                "produces": [
                    "application/json"
                ],
                "tags": [
                    "( /admin-api ) ApiDoc"
                ],
                "summary": "角色功能-查詢列表",
                "parameters": [
                    {
                        "type": "string",
                        "description": "使用者已登入驗證 ex:cc6r7hjd0cvmdcrecm0g#1661842374",
                        "name": "cid",
                        "in": "header",
                        "required": true
                    }
                ],
                "responses": {
                    "200": {
                        "description": "OK",
                        "schema": {
                            "$ref": "#/definitions/models.Doc_GetRoleRouteRM"
                        }
                    }
                }
            }
        },
        "/ApiDoc/RoleRoute/PutRoleRoute": {
            "put": {
                "produces": [
                    "application/json"
                ],
                "tags": [
                    "( /admin-api ) ApiDoc"
                ],
                "summary": "角色功能-增刪修",
                "parameters": [
                    {
                        "type": "string",
                        "description": "使用者已登入驗證 ex:cc6r7hjd0cvmdcrecm0g#1661842374",
                        "name": "cid",
                        "in": "header",
                        "required": true
                    },
                    {
                        "description": "test",
                        "name": "param",
                        "in": "body",
                        "required": true,
                        "schema": {
                            "$ref": "#/definitions/models.Doc_RoleRouteReq"
                        }
                    }
                ],
                "responses": {
                    "200": {
                        "description": "OK",
                        "schema": {
                            "$ref": "#/definitions/models.Doc_PutResponseRM"
                        }
                    }
                }
            }
        },
        "/ApiDoc/SDK/AgentDeviceInfo": {
            "put": {
                "produces": [
                    "application/json"
                ],
                "tags": [
                    "( /sdk-api ) ApiDoc"
                ],
                "summary": "Step1.蒐集資料API (for業主落地頁)...複製yaboapi-v2原邏輯",
                "parameters": [
                    {
                        "type": "string",
                        "description": "OwnerUser.UserKey",
                        "name": "token",
                        "in": "header"
                    },
                    {
                        "description": "test",
                        "name": "param",
                        "in": "body",
                        "required": true,
                        "schema": {
                            "$ref": "#/definitions/models.Doc_RequestRSA"
                        }
                    }
                ],
                "responses": {
                    "200": {
                        "description": "OK",
                        "schema": {
                            "$ref": "#/definitions/models.Doc_AgentDeviceInfoRM"
                        }
                    }
                }
            }
        },
        "/ApiDoc/SDK/AgentDevice_1st": {
            "post": {
                "produces": [
                    "application/json"
                ],
                "tags": [
                    "( /sdk-api ) ApiDoc"
                ],
                "summary": "Step3.比對資料API (for App應用)...複製yaboapi-v2原邏輯",
                "parameters": [
                    {
                        "type": "string",
                        "description": "OwnerUser.UserKey",
                        "name": "token",
                        "in": "header"
                    },
                    {
                        "description": "test",
                        "name": "param",
                        "in": "body",
                        "required": true,
                        "schema": {
                            "$ref": "#/definitions/models.Doc_RequestRSA"
                        }
                    }
                ],
                "responses": {
                    "200": {
                        "description": "OK",
                        "schema": {
                            "$ref": "#/definitions/models.Doc_AgentDeviceInfoRM"
                        }
                    }
                }
            }
        },
        "/ApiDoc/SDK/setDownload": {
            "put": {
                "produces": [
                    "application/json"
                ],
                "tags": [
                    "( /sdk-api ) ApiDoc"
                ],
                "summary": "Step2.標記已下載API (for業主落地頁)...複製yaboapi-v2原邏輯",
                "parameters": [
                    {
                        "type": "string",
                        "description": "OwnerUser.UserKey",
                        "name": "token",
                        "in": "header"
                    },
                    {
                        "description": "test",
                        "name": "param",
                        "in": "body",
                        "required": true,
                        "schema": {
                            "$ref": "#/definitions/models.Doc_RequestRSA"
                        }
                    }
                ],
                "responses": {
                    "200": {
                        "description": "OK",
                        "schema": {
                            "type": "boolean"
                        }
                    }
                }
            }
        },
        "/ApiDoc/UserGroup/GetPromoURL": {
            "get": {
                "produces": [
                    "application/json"
                ],
                "tags": [
                    "( /admin-api ) ApiDoc"
                ],
                "summary": "群組管理-推廣網址",
                "parameters": [
                    {
                        "type": "string",
                        "description": "使用者已登入驗證  cc6r7hjd0cvmdcrecm0g#1661842374",
                        "name": "cid",
                        "in": "header",
                        "required": true
                    },
                    {
                        "type": "integer",
                        "description": "可用天數：-1:不限期",
                        "name": "keepdays",
                        "in": "query"
                    }
                ],
                "responses": {
                    "200": {
                        "description": "OK",
                        "schema": {
                            "$ref": "#/definitions/models.Doc_StringRM"
                        }
                    }
                }
            }
        },
        "/ApiDoc/UserGroup/GetUserGroup": {
            "post": {
                "produces": [
                    "application/json"
                ],
                "tags": [
                    "( /admin-api ) ApiDoc"
                ],
                "summary": "群組管理-查詢列表",
                "parameters": [
                    {
                        "type": "string",
                        "description": "使用者已登入驗證 ex:cc6r7hjd0cvmdcrecm0g#1661842374",
                        "name": "cid",
                        "in": "header",
                        "required": true
                    },
                    {
                        "description": "test",
                        "name": "param",
                        "in": "body",
                        "required": true,
                        "schema": {
                            "$ref": "#/definitions/models.Doc_PostUserGroupReq"
                        }
                    }
                ],
                "responses": {
                    "200": {
                        "description": "OK",
                        "schema": {
                            "$ref": "#/definitions/models.Doc_GetUserGroupRM"
                        }
                    }
                }
            }
        },
        "/ApiDoc/UserGroup/PutUserGroup": {
            "put": {
                "produces": [
                    "application/json"
                ],
                "tags": [
                    "( /admin-api ) ApiDoc"
                ],
                "summary": "群組管理-增刪修",
                "parameters": [
                    {
                        "type": "string",
                        "description": "使用者已登入驗證 ex:cc6r7hjd0cvmdcrecm0g#1661842374",
                        "name": "cid",
                        "in": "header",
                        "required": true
                    },
                    {
                        "description": "test",
                        "name": "param",
                        "in": "body",
                        "required": true,
                        "schema": {
                            "$ref": "#/definitions/models.Doc_UserGroupModel"
                        }
                    }
                ],
                "responses": {
                    "200": {
                        "description": "OK",
                        "schema": {
                            "$ref": "#/definitions/models.Doc_PutResponseRM"
                        }
                    }
                }
            }
        },
        "/Health/health": {
            "get": {
                "produces": [
                    "text/html"
                ],
                "tags": [
                    "Health"
                ],
                "summary": "存活檢查",
                "responses": {
                    "200": {
                        "description": "\u003chtml\u003e\u003cbody\u003e200 OK\u003c/body\u003e\u003c/html\u003e"
                    }
                }
            }
        },
        "/cxbb/Register/OtpCheck": {
            "post": {
                "produces": [
                    "application/json"
                ],
                "tags": [
                    "( /api ) LetsInstall-Register"
                ],
                "summary": "OTPCode檢查[RG1]",
                "parameters": [
                    {
                        "description": "test",
                        "name": "param",
                        "in": "body",
                        "required": true,
                        "schema": {
                            "$ref": "#/definitions/models.OTPCheckRequest"
                        }
                    }
                ],
                "responses": {
                    "200": {
                        "description": "OK",
                        "schema": {
                            "$ref": "#/definitions/models.ExternalResponse"
                        }
                    }
                }
            }
        },
        "/cxbb/Register/getRoleRoute": {
            "get": {
                "produces": [
                    "application/json"
                ],
                "tags": [
                    "( /admin-api ) LetsInstall-Register"
                ],
                "summary": "取得使用者權限[ARG1]",
                "parameters": [
                    {
                        "type": "string",
                        "description": "eyJhbGciOiJIUzI1NiIsInR5cCI6IkpXVCJ9.eyJ1c2VyX2lkIjoiMjc4IiwiZXhwIjoxNjU5OTI5Mzg3LCJpc3MiOiJQSUQifQ.mb6crJhka3wUlzim7E1QjPUsQiHeqbHKIEmikoZ9fqI",
                        "name": "jwt",
                        "in": "header"
                    }
                ],
                "responses": {
                    "200": {
                        "description": "OK",
                        "schema": {
                            "type": "integer"
                        }
                    }
                }
            }
        },
        "/v2/App/EditApp": {
            "put": {
                "produces": [
                    "application/json"
                ],
                "tags": [
                    "( /admin-api ) AppList"
                ],
                "summary": "App列表-增刪修[AL2]",
                "parameters": [
                    {
                        "type": "string",
                        "description": "cid ex:cc85usd94816e39c4pq0#1662017393",
                        "name": "cid",
                        "in": "header",
                        "required": true
                    },
                    {
                        "description": "test",
                        "name": "param",
                        "in": "body",
                        "required": true,
                        "schema": {
                            "$ref": "#/definitions/models.Doc_AppModel"
                        }
                    }
                ],
                "responses": {
                    "200": {
                        "description": "OK",
                        "schema": {
                            "$ref": "#/definitions/models.Doc_AppModel"
                        }
                    }
                }
            }
        },
        "/v2/App/GetApp": {
            "post": {
                "produces": [
                    "application/json"
                ],
                "tags": [
                    "( /admin-api ) AppList"
                ],
                "summary": "App列表-查詢列表[AL1]",
                "parameters": [
                    {
                        "type": "string",
                        "description": "cid ex:cc6r7hjd0cvmdcrecm0g#1661842374",
                        "name": "cid",
                        "in": "header",
                        "required": true
                    },
                    {
                        "description": "test",
                        "name": "param",
                        "in": "body",
                        "required": true,
                        "schema": {
                            "$ref": "#/definitions/models.AppListReq"
                        }
                    }
                ],
                "responses": {
                    "200": {
                        "description": "OK",
                        "schema": {
                            "$ref": "#/definitions/models.Doc_GetAppRM"
                        }
                    }
                }
            }
        },
        "/v2/AppChannel/GetAppChannel": {
            "post": {
                "produces": [
                    "application/json"
                ],
                "tags": [
                    "( /admin-api ) AppChannel"
                ],
                "summary": "渠道管理-查詢列表 [AC1]",
                "parameters": [
                    {
                        "type": "string",
                        "description": "使用者已登入驗證 ex:cc6r7hjd0cvmdcrecm0g#1661842374",
                        "name": "cid",
                        "in": "header",
                        "required": true
                    },
                    {
                        "description": "test",
                        "name": "param",
                        "in": "body",
                        "required": true,
                        "schema": {
                            "$ref": "#/definitions/models.Doc_PostAppChannelReq"
                        }
                    }
                ],
                "responses": {
                    "200": {
                        "description": "OK",
                        "schema": {
                            "$ref": "#/definitions/models.Doc_GetAppChannelRM"
                        }
                    }
                }
            }
        },
        "/v2/AppChannel/PutAppChannel": {
            "put": {
                "produces": [
                    "application/json"
                ],
                "tags": [
                    "( /admin-api ) AppChannel"
                ],
                "summary": "渠道管理-增刪修 [AC2]",
                "parameters": [
                    {
                        "type": "string",
                        "description": "使用者已登入驗證 ex:cc6r7hjd0cvmdcrecm0g#1661842374",
                        "name": "cid",
                        "in": "header",
                        "required": true
                    },
                    {
                        "description": "test",
                        "name": "param",
                        "in": "body",
                        "required": true,
                        "schema": {
                            "$ref": "#/definitions/models.Doc_AppChannelModel"
                        }
                    }
                ],
                "responses": {
                    "200": {
                        "description": "OK",
                        "schema": {
                            "$ref": "#/definitions/models.Doc_AppChannelModel"
                        }
                    }
                }
            }
        },
        "/v2/Group/promoCode": {
            "get": {
                "produces": [
                    "application/json"
                ],
                "tags": [
                    "( /admin-api ) Group"
                ],
                "summary": "群組管理-推廣網址",
                "parameters": [
                    {
                        "type": "string",
                        "description": "使用者已登入驗證  cc8slgqvbnoaafaabfig#1662110403",
                        "name": "cid",
                        "in": "header",
                        "required": true
                    },
                    {
                        "type": "integer",
                        "description": "可用天數：-1:不限期",
                        "name": "keepdays",
                        "in": "query"
                    }
                ],
                "responses": {
                    "200": {
                        "description": "OK",
                        "schema": {
                            "$ref": "#/definitions/models.Doc_StringRM"
                        }
                    }
                }
            }
        },
        "/v2/Group/userGroup": {
            "put": {
                "produces": [
                    "application/json"
                ],
                "tags": [
                    "( /admin-api ) Group"
                ],
                "summary": "群組管理-增刪修",
                "parameters": [
                    {
                        "type": "string",
                        "description": "使用者已登入驗證 ex:cc6r7hjd0cvmdcrecm0g#1661842374",
                        "name": "cid",
                        "in": "header",
                        "required": true
                    },
                    {
                        "description": "test",
                        "name": "param",
                        "in": "body",
                        "required": true,
                        "schema": {
                            "$ref": "#/definitions/models.Doc_UserGroupModel"
                        }
                    }
                ],
                "responses": {
                    "200": {
                        "description": "OK",
                        "schema": {
                            "$ref": "#/definitions/models.Doc_PutResponseRM"
                        }
                    }
                }
            },
            "post": {
                "produces": [
                    "application/json"
                ],
                "tags": [
                    "( /admin-api ) Group"
                ],
                "summary": "群組管理-查詢列表",
                "parameters": [
                    {
                        "type": "string",
                        "description": "使用者已登入驗證 ex:cc6r7hjd0cvmdcrecm0g#1661842374",
                        "name": "cid",
                        "in": "header",
                        "required": true
                    },
                    {
                        "description": "test",
                        "name": "param",
                        "in": "body",
                        "required": true,
                        "schema": {
                            "$ref": "#/definitions/models.Doc_PostUserGroupReq"
                        }
                    }
                ],
                "responses": {
                    "200": {
                        "description": "OK",
                        "schema": {
                            "$ref": "#/definitions/models.Doc_GetUserGroupRM"
                        }
                    }
                }
            }
        },
        "/v2/GuestWeb/ForgetPassword": {
            "put": {
                "produces": [
                    "application/json"
                ],
                "tags": [
                    "( /guest-api ) Register"
                ],
                "summary": "忘記密碼[RG3]",
                "parameters": [
                    {
                        "description": "test",
                        "name": "param",
                        "in": "body",
                        "required": true,
                        "schema": {
                            "$ref": "#/definitions/models.ForgetPasswordRequest"
                        }
                    }
                ],
                "responses": {
                    "200": {
                        "description": "OK",
                        "schema": {
                            "$ref": "#/definitions/models.ExternalResponse"
                        }
                    }
                }
            }
        },
        "/v2/GuestWeb/GetVerifyCode": {
            "post": {
                "produces": [
                    "application/json"
                ],
                "tags": [
                    "( /guest-api ) Register"
                ],
                "summary": "取得驗證碼[RG4]",
                "parameters": [
                    {
                        "description": "test",
                        "name": "param",
                        "in": "body",
                        "required": true,
                        "schema": {
                            "$ref": "#/definitions/models.GetVerifyCodeRequest"
                        }
                    }
                ],
                "responses": {
                    "200": {
                        "description": "OK",
                        "schema": {
                            "$ref": "#/definitions/models.ExternalResponse"
                        }
                    }
                }
            }
        },
        "/v2/GuestWeb/Login": {
            "post": {
                "produces": [
                    "application/json"
                ],
                "tags": [
                    "( /guest-api ) Register"
                ],
                "summary": "帳號登入 [RG2]",
                "parameters": [
                    {
                        "description": "test",
                        "name": "param",
                        "in": "body",
                        "required": true,
                        "schema": {
                            "$ref": "#/definitions/models.Doc_UserLoginReq"
                        }
                    }
                ],
                "responses": {
                    "200": {
                        "description": "OK",
                        "schema": {
                            "$ref": "#/definitions/models.Doc_UserLoginRM"
                        }
                    }
                }
            }
        },
        "/v2/GuestWeb/RegisterUser": {
            "put": {
                "produces": [
                    "application/json"
                ],
                "tags": [
                    "( /admin-api ) Register"
                ],
                "summary": "帳號註冊 [RG1]",
                "parameters": [
                    {
                        "type": "string",
                        "description": "推廣碼 ex:3XFN11R8PIOI",
                        "name": "promotionCode",
                        "in": "header"
                    },
                    {
                        "description": "test",
                        "name": "param",
                        "in": "body",
                        "required": true,
                        "schema": {
                            "$ref": "#/definitions/models.Doc_RegisterModel"
                        }
                    }
                ],
                "responses": {
                    "200": {
                        "description": "OK",
                        "schema": {
                            "$ref": "#/definitions/models.Doc_RegisterUserRM"
                        }
                    }
                }
            }
        },
        "/v2/OwnerUser/ownerUser": {
            "post": {
                "produces": [
                    "application/json"
                ],
                "tags": [
                    "( /admin-api ) OwnerUser"
                ],
                "summary": "帳號維護-查詢列表",
                "parameters": [
                    {
                        "type": "string",
                        "description": "使用者已登入驗證 ex:  cc6r7hjd0cvmdcrecm0g#1661842374",
                        "name": "cid",
                        "in": "header",
                        "required": true
                    },
                    {
                        "description": "test",
                        "name": "param",
                        "in": "body",
                        "required": true,
                        "schema": {
                            "$ref": "#/definitions/models.Doc_PostOwnerUserReq"
                        }
                    }
                ],
                "responses": {
                    "200": {
                        "description": "OK",
                        "schema": {
                            "$ref": "#/definitions/models.Doc_GetOwnerUserRM"
                        }
                    }
                }
            }
        },
        "/v2/OwnerUser/resetPassword": {
            "put": {
                "produces": [
                    "application/json"
                ],
                "tags": [
                    "( /admin-api ) OwnerUser"
                ],
                "summary": "帳號維護-個人資訊修改(修改密碼)",
                "parameters": [
                    {
                        "type": "string",
                        "description": "使用者已登入驗證 ex:ccaldp1of5aho49r82ug#1662342884",
                        "name": "cid",
                        "in": "header",
                        "required": true
                    },
                    {
                        "description": "test",
                        "name": "param",
                        "in": "body",
                        "required": true,
                        "schema": {
                            "$ref": "#/definitions/models.Doc_ReSetPasswordReq"
                        }
                    }
                ],
                "responses": {
                    "200": {
                        "description": "OK",
                        "schema": {
                            "$ref": "#/definitions/models.Doc_PutResponseRM"
                        }
                    }
                }
            }
        },
        "/v2/Role/GetRole": {
            "post": {
                "produces": [
                    "application/json"
                ],
                "tags": [
                    "( /admin-api ) Role"
                ],
                "summary": "角色-查詢列表 [R1]",
                "parameters": [
                    {
                        "type": "string",
                        "description": "使用者已登入驗證 ex:cc6r7hjd0cvmdcrecm0g#1661842374",
                        "name": "cid",
                        "in": "header",
                        "required": true
                    },
                    {
                        "description": "test",
                        "name": "param",
                        "in": "body",
                        "required": true,
                        "schema": {
                            "$ref": "#/definitions/models.Doc_PostRoleReq"
                        }
                    }
                ],
                "responses": {
                    "200": {
                        "description": "OK",
                        "schema": {
                            "$ref": "#/definitions/models.Doc_GetRoleRM"
                        }
                    }
                }
            }
        },
        "/v2/Role/PutRole": {
            "put": {
                "produces": [
                    "application/json"
                ],
                "tags": [
                    "( /admin-api ) Role"
                ],
                "summary": "角色-增刪修 [R2]",
                "parameters": [
                    {
                        "type": "string",
                        "description": "使用者已登入驗證 ex:cc6r7hjd0cvmdcrecm0g#1661842374",
                        "name": "cid",
                        "in": "header",
                        "required": true
                    },
                    {
                        "description": "test",
                        "name": "param",
                        "in": "body",
                        "required": true,
                        "schema": {
                            "$ref": "#/definitions/models.Doc_RoleModel"
                        }
                    }
                ],
                "responses": {
                    "200": {
                        "description": "OK",
                        "schema": {
                            "$ref": "#/definitions/models.Doc_PutResponseRM"
                        }
                    }
                }
            }
        },
        "/v2/RoleRoute/GetRoleRoute": {
            "post": {
                "produces": [
                    "application/json"
                ],
                "tags": [
                    "( /admin-api ) RoleRoute"
                ],
                "summary": "角色功能-查詢列表 [RR1]",
                "parameters": [
                    {
                        "type": "string",
                        "description": "使用者已登入驗證 ex:cc6r7hjd0cvmdcrecm0g#1661842374",
                        "name": "cid",
                        "in": "header",
                        "required": true
                    }
                ],
                "responses": {
                    "200": {
                        "description": "OK",
                        "schema": {
                            "$ref": "#/definitions/models.Doc_GetRoleRouteRM"
                        }
                    }
                }
            }
        },
        "/v2/RoleRoute/PutRoleRoute": {
            "put": {
                "produces": [
                    "application/json"
                ],
                "tags": [
                    "( /admin-api ) RoleRoute"
                ],
                "summary": "角色功能-增刪修 [RR2]",
                "parameters": [
                    {
                        "type": "string",
                        "description": "使用者已登入驗證 ex:cc6r7hjd0cvmdcrecm0g#1661842374",
                        "name": "cid",
                        "in": "header",
                        "required": true
                    },
                    {
                        "description": "test",
                        "name": "param",
                        "in": "body",
                        "required": true,
                        "schema": {
                            "$ref": "#/definitions/models.Doc_RoleRouteReq"
                        }
                    }
                ],
                "responses": {
                    "200": {
                        "description": "OK",
                        "schema": {
                            "$ref": "#/definitions/models.Doc_PutResponseRM"
                        }
                    }
                }
            }
        },
        "/v2/SDK/AgentDeviceInfo": {
            "put": {
                "produces": [
                    "application/json"
                ],
                "tags": [
                    "( /sdk-api ) SDK"
                ],
                "summary": "Step1.蒐集資料API (for業主落地頁)...複製yaboapi-v2原邏輯",
                "parameters": [
                    {
                        "type": "string",
                        "description": "OwnerUser.UserKey",
                        "name": "token",
                        "in": "header"
                    },
                    {
                        "description": "test",
                        "name": "param",
                        "in": "body",
                        "required": true,
                        "schema": {
                            "$ref": "#/definitions/models.Doc_RequestRSA"
                        }
                    }
                ],
                "responses": {
                    "200": {
                        "description": "OK",
                        "schema": {
                            "$ref": "#/definitions/models.AgentDeviceInfoRM"
                        }
                    }
                }
            }
        },
        "/v2/SDK/AgentDevice_1st": {
            "post": {
                "produces": [
                    "application/json"
                ],
                "tags": [
                    "( /sdk-api ) SDK"
                ],
                "summary": "Step3.比對資料API (for App應用)...複製yaboapi-v2原邏輯",
                "parameters": [
                    {
                        "type": "string",
                        "description": "OwnerUser.UserKey",
                        "name": "token",
                        "in": "header"
                    },
                    {
                        "description": "test",
                        "name": "param",
                        "in": "body",
                        "required": true,
                        "schema": {
                            "$ref": "#/definitions/models.Doc_RequestRSA"
                        }
                    }
                ],
                "responses": {
                    "200": {
                        "description": "OK",
                        "schema": {
                            "$ref": "#/definitions/models.AgentDeviceInfoRM"
                        }
                    }
                }
            }
        },
        "/v2/SDK/setDownload": {
            "put": {
                "produces": [
                    "application/json"
                ],
                "tags": [
                    "( /sdk-api ) SDK"
                ],
                "summary": "Step2.標記已下載API (for業主落地頁)...複製yaboapi-v2原邏輯",
                "parameters": [
                    {
                        "type": "string",
                        "description": "OwnerUser.UserKey",
                        "name": "token",
                        "in": "header"
                    },
                    {
                        "description": "test",
                        "name": "param",
                        "in": "body",
                        "required": true,
                        "schema": {
                            "$ref": "#/definitions/models.Doc_RequestRSA"
                        }
                    }
                ],
                "responses": {
                    "200": {
                        "description": "OK",
                        "schema": {
                            "type": "boolean"
                        }
                    }
                }
            }
        },
        "/v2/example/count": {
            "get": {
                "produces": [
                    "application/json"
                ],
                "tags": [
                    "Video"
                ],
                "summary": "範例_DB取單一值[EX3]",
                "responses": {
                    "200": {
                        "description": "OK",
                        "schema": {
                            "type": "integer"
                        }
                    }
                }
            }
        },
        "/v2/example/ids": {
            "get": {
                "produces": [
                    "application/json"
                ],
                "tags": [
                    "Video"
                ],
                "summary": "範例_DB取單值array[EX4]",
                "responses": {
                    "200": {
                        "description": "OK",
                        "schema": {
                            "$ref": "#/definitions/models.TestVideo"
                        }
                    }
                }
            }
        },
        "/v2/example/onevideo": {
            "get": {
                "produces": [
                    "application/json"
                ],
                "tags": [
                    "Video"
                ],
                "summary": "範例_DB取單一struct[EX5]",
                "responses": {
                    "200": {
                        "description": "OK",
                        "schema": {
                            "type": "array",
                            "items": {
                                "type": "integer"
                            }
                        }
                    }
                }
            }
        },
        "/v2/example/video": {
            "get": {
                "produces": [
                    "application/json"
                ],
                "tags": [
                    "Video"
                ],
                "summary": "範例_RequestModel巢狀結構[EX2]",
                "parameters": [
                    {
                        "type": "string",
                        "description": "testheader",
                        "name": "hd1",
                        "in": "header",
                        "required": true
                    },
                    {
                        "type": "string",
                        "description": "email",
                        "name": "hd2",
                        "in": "query",
                        "required": true
                    },
                    {
                        "type": "integer",
                        "description": "videoId",
                        "name": "videoId",
                        "in": "header",
                        "required": true
                    }
                ],
                "responses": {
                    "200": {
                        "description": "OK",
                        "schema": {
                            "type": "integer"
                        }
                    }
                }
            }
        },
        "/v2/example/video1": {
            "post": {
                "produces": [
                    "application/json"
                ],
                "tags": [
                    "Video"
                ],
                "summary": "範例_合併header,querystring,urlparam,requestbody到request model[EX1]",
                "parameters": [
                    {
                        "type": "string",
                        "description": "testheader",
                        "name": "hd1",
                        "in": "header",
                        "required": true
                    },
                    {
                        "type": "string",
                        "description": "email",
                        "name": "hd2",
                        "in": "query",
                        "required": true
                    },
                    {
                        "description": "data",
                        "name": "param",
                        "in": "body",
                        "required": true,
                        "schema": {
                            "$ref": "#/definitions/models.TestVideoRequestBody"
                        }
                    }
                ],
                "responses": {
                    "200": {
                        "description": "OK",
                        "schema": {
                            "$ref": "#/definitions/models.TestVideo"
                        }
                    }
                }
            }
        },
        "/v2/example/videos": {
            "get": {
                "produces": [
                    "application/json"
                ],
                "tags": [
                    "Video"
                ],
                "summary": "範例_DB取struct array[EX6]",
                "responses": {
                    "200": {
                        "description": "OK",
                        "schema": {
                            "type": "array",
                            "items": {
                                "$ref": "#/definitions/models.TestVideo"
                            }
                        }
                    }
                }
            }
        }
    },
    "definitions": {
        "models.AgentDeviceInfoRM": {
            "type": "object",
            "properties": {
                "ErrorCode": {
                    "type": "string"
                },
                "ErrorMessage": {
                    "type": "string"
                },
                "data": {
                    "type": "array",
                    "items": {
                        "$ref": "#/definitions/models.AgentDeviceRM"
                    }
                }
            }
        },
        "models.AgentDeviceRM": {
            "type": "object",
            "properties": {
                "apprequest": {
                    "type": "string"
                },
                "channelid": {
                    "type": "integer"
                },
                "code": {
                    "type": "string"
                },
                "uuid": {
                    "type": "string"
                }
            }
        },
        "models.AppListReq": {
            "type": "object",
            "properties": {
                "orderby": {
                    "$ref": "#/definitions/models.OrderByInfo"
                },
                "page": {
                    "$ref": "#/definitions/models.PageInfoRequest"
                },
                "where": {
                    "$ref": "#/definitions/models.Doc_AppWhere"
                }
            }
        },
        "models.Doc_AgentDeviceInfoRM": {
            "type": "object",
            "properties": {
                "ErrorCode": {
                    "type": "string"
                },
                "ErrorMessage": {
                    "type": "string"
                },
                "data": {
                    "$ref": "#/definitions/models.Doc_AgentDeviceRM"
                }
            }
        },
        "models.Doc_AgentDeviceRM": {
            "type": "object",
            "properties": {
                "apprequest": {
                    "type": "string"
                },
                "channelid": {
                    "type": "integer"
                },
                "uuid": {
                    "type": "string"
                }
            }
        },
        "models.Doc_AppChannelModel": {
            "type": "object",
            "properties": {
                "appkey": {
                    "description": "App代碼",
                    "type": "string"
                },
                "channelid": {
                    "description": "channelID",
                    "type": "integer"
                },
                "channellink": {
                    "description": "分享鏈接(QRcode)",
                    "type": "string"
                },
                "channelname": {
                    "description": "渠道名稱",
                    "type": "string"
                },
                "channelpwd": {
                    "description": "分享密碼",
                    "type": "string"
                },
                "createtime": {
                    "description": "建立時間",
                    "type": "string"
                },
                "createuser": {
                    "description": "建立人",
                    "type": "string"
                },
                "delflag": {
                    "description": "是否停用",
                    "type": "integer"
                },
                "groupkey": {
                    "description": "使用者群組代碼",
                    "type": "string"
                },
                "updatetime": {
                    "description": "修改時間",
                    "type": "string"
                },
                "updateuser": {
                    "description": "修改人",
                    "type": "string"
                }
            }
        },
        "models.Doc_AppChannelWhere": {
            "type": "object",
            "properties": {
                "appkey": {
                    "description": "App代碼",
                    "type": "string"
                },
                "channelid": {
                    "description": "channelID",
                    "type": "integer"
                },
                "channelname": {
                    "description": "渠道名稱",
                    "type": "string"
                },
                "groupkey": {
                    "description": "使用者群組代碼",
                    "type": "string"
                },
                "updatetime_end": {
                    "description": "修改時間-迄",
                    "type": "string"
                },
                "updatetime_start": {
                    "description": "修改時間-起",
                    "type": "string"
                },
                "updateuser": {
                    "description": "修改人",
                    "type": "string"
                }
            }
        },
        "models.Doc_AppModel": {
            "type": "object",
            "properties": {
                "UserKey": {
                    "description": "Action          UpdateStatusModel `json:\"action\"`",
                    "type": "string"
                },
                "appkey": {
                    "description": "App代碼",
                    "type": "string"
                },
                "appname": {
                    "description": "App名稱",
                    "type": "string"
                },
                "appname_cn": {
                    "description": "App名稱-中",
                    "type": "string"
                },
                "appname_en": {
                    "description": "App名稱-英",
                    "type": "string"
                },
                "appname_tw": {
                    "description": "App名稱-繁",
                    "type": "string"
                },
                "createtime": {
                    "description": "建立時間",
                    "type": "string"
                },
                "createuser": {
                    "description": "建立人",
                    "type": "string"
                },
                "delflag": {
                    "description": "刪除標記",
                    "type": "integer"
                },
                "groupkey": {
                    "description": "使用者群組代碼",
                    "type": "string"
                },
                "id": {
                    "description": "id",
                    "type": "integer"
                },
                "isactive": {
                    "description": "啟用狀態",
                    "type": "integer"
                },
                "platform": {
                    "description": "App平台",
                    "type": "string"
                },
                "updatetime": {
                    "description": "修改時間",
                    "type": "string"
                },
                "updateuser": {
                    "description": "修改人",
                    "type": "string"
                },
                "usercountrycode": {
                    "description": "修改人國籍",
                    "type": "string"
                },
                "userip": {
                    "description": "修改人IP",
                    "type": "string"
                },
                "versionnumber": {
                    "description": "版本編號",
                    "type": "string"
                }
            }
        },
        "models.Doc_AppWhere": {
            "type": "object",
            "properties": {
                "appkey": {
                    "description": "App代碼",
                    "type": "string"
                },
                "appname": {
                    "description": "App名稱",
                    "type": "string"
                },
                "groupkey": {
                    "description": "使用者群組代碼",
                    "type": "string"
                },
                "platform": {
                    "description": "App平台",
                    "type": "string"
                },
                "updatetime_end": {
                    "description": "修改時間-迄",
                    "type": "string"
                },
                "updatetime_start": {
                    "description": "修改時間-起",
                    "type": "string"
                },
                "updateuser": {
                    "description": "修改人",
                    "type": "string"
                }
            }
        },
        "models.Doc_GetAppChannelRM": {
            "type": "object",
            "properties": {
                "ErrorCode": {
                    "type": "string"
                },
                "ErrorMessage": {
                    "type": "string"
                },
                "data": {
                    "type": "array",
                    "items": {
                        "$ref": "#/definitions/models.Doc_AppChannelModel"
                    }
                },
                "totalcount": {
                    "type": "integer"
                }
            }
        },
        "models.Doc_GetAppRM": {
            "type": "object",
            "properties": {
                "ErrorCode": {
                    "type": "string"
                },
                "ErrorMessage": {
                    "type": "string"
                },
                "data": {
                    "type": "array",
                    "items": {
                        "$ref": "#/definitions/models.Doc_AppModel"
                    }
                },
                "totalcount": {
                    "type": "integer"
                }
            }
        },
        "models.Doc_GetOwnerUserRM": {
            "type": "object",
            "properties": {
                "ErrorCode": {
                    "type": "string"
                },
                "ErrorMessage": {
                    "type": "string"
                },
                "data": {
                    "type": "array",
                    "items": {
                        "$ref": "#/definitions/models.Doc_OwnerUserModel"
                    }
                },
                "totalcount": {
                    "type": "integer"
                }
            }
        },
        "models.Doc_GetRoleRM": {
            "type": "object",
            "properties": {
                "ErrorCode": {
                    "type": "string"
                },
                "ErrorMessage": {
                    "type": "string"
                },
                "data": {
                    "type": "array",
                    "items": {
                        "$ref": "#/definitions/models.Doc_RoleModel"
                    }
                },
                "totalcount": {
                    "type": "integer"
                }
            }
        },
        "models.Doc_GetRoleRouteRM": {
            "type": "object",
            "properties": {
                "ErrorCode": {
                    "type": "string"
                },
                "ErrorMessage": {
                    "type": "string"
                },
                "data": {
                    "type": "array",
                    "items": {
                        "$ref": "#/definitions/models.Doc_RoleRouteModel"
                    }
                },
                "totalcount": {
                    "type": "integer"
                }
            }
        },
        "models.Doc_GetUserGroupRM": {
            "type": "object",
            "properties": {
                "ErrorCode": {
                    "type": "string"
                },
                "ErrorMessage": {
                    "type": "string"
                },
                "data": {
                    "type": "array",
                    "items": {
                        "$ref": "#/definitions/models.Doc_UserGroupModel"
                    }
                },
                "totalcount": {
                    "type": "integer"
                }
            }
        },
        "models.Doc_OwnerUserModel": {
            "type": "object",
            "properties": {
                "account": {
                    "description": "帳號(郵箱)",
                    "type": "string"
                },
                "cid": {
                    "description": "登入狀態驗證",
                    "type": "string"
                },
                "createtime": {
                    "description": "建立時間",
                    "type": "string"
                },
                "createuser": {
                    "description": "建立人",
                    "type": "string"
                },
                "email": {
                    "description": "電子郵件",
                    "type": "string"
                },
                "id": {
                    "description": "id",
                    "type": "integer"
                },
                "isenable": {
                    "description": "是否啟用",
                    "type": "integer"
                },
                "lastloginip": {
                    "description": "最後登入IP",
                    "type": "string"
                },
                "lastlogintime": {
                    "description": "最後登入時間",
                    "type": "string"
                },
                "phone": {
                    "description": "手機號碼",
                    "type": "string"
                },
                "pwd": {
                    "description": "密碼",
                    "type": "string"
                },
                "roleid": {
                    "description": "角色ID",
                    "type": "integer"
                },
                "rolename": {
                    "description": "角色名稱",
                    "type": "string"
                },
                "updatetime": {
                    "description": "修改時間",
                    "type": "string"
                },
                "updateuser": {
                    "description": "修改人",
                    "type": "string"
                },
                "userkey": {
                    "description": "憑證碼",
                    "type": "string"
                },
                "username": {
                    "description": "別名",
                    "type": "string"
                },
                "viplevel": {
                    "description": "Vip等級",
                    "type": "integer"
                }
            }
        },
        "models.Doc_OwnerUserWhere": {
            "type": "object",
            "properties": {
                "cid": {
                    "description": "登入狀態驗證",
                    "type": "string"
                },
                "updatetime_end": {
                    "description": "修改時間-迄",
                    "type": "string"
                },
                "updatetime_start": {
                    "description": "修改時間-起",
                    "type": "string"
                },
                "updateuser": {
                    "description": "修改人",
                    "type": "string"
                },
                "username": {
                    "description": "別名",
                    "type": "string"
                }
            }
        },
        "models.Doc_PostAppChannelReq": {
            "type": "object",
            "properties": {
                "orderby": {
                    "$ref": "#/definitions/models.OrderByInfo"
                },
                "page": {
                    "$ref": "#/definitions/models.PageInfoRequest"
                },
                "where": {
                    "$ref": "#/definitions/models.Doc_AppChannelWhere"
                }
            }
        },
        "models.Doc_PostOwnerUserReq": {
            "type": "object",
            "properties": {
                "limit": {
                    "type": "integer"
                },
                "number": {
                    "type": "integer"
                },
                "orderby": {
                    "$ref": "#/definitions/models.OrderByInfo"
                },
                "where": {
                    "$ref": "#/definitions/models.Doc_OwnerUserWhere"
                }
            }
        },
        "models.Doc_PostRoleReq": {
            "type": "object",
            "properties": {
                "orderby": {
                    "$ref": "#/definitions/models.OrderByInfo"
                },
                "page": {
                    "$ref": "#/definitions/models.PageInfoRequest"
                },
                "where": {
                    "$ref": "#/definitions/models.Doc_RoleWhere"
                }
            }
        },
        "models.Doc_PostUserGroupReq": {
            "type": "object",
            "properties": {
                "orderby": {
                    "$ref": "#/definitions/models.OrderByInfo"
                },
                "page": {
                    "$ref": "#/definitions/models.PageInfoRequest"
                },
                "where": {
                    "$ref": "#/definitions/models.Doc_UserGroupWhere"
                }
            }
        },
        "models.Doc_PutResponseRM": {
            "type": "object",
            "properties": {
                "ErrorCode": {
                    "type": "string"
                },
                "ErrorMessage": {
                    "type": "string"
                },
                "data": {
                    "$ref": "#/definitions/models.UpdateStatusModel"
                }
            }
        },
        "models.Doc_ReSetPasswordReq": {
            "type": "object",
            "properties": {
                "newpwd": {
                    "description": "密碼",
                    "type": "string"
                },
                "pwd": {
                    "description": "密碼",
                    "type": "string"
                }
            }
        },
        "models.Doc_RegisterModel": {
            "type": "object",
            "properties": {
                "account": {
                    "description": "帳號(郵箱)",
                    "type": "string"
                },
                "groupname": {
                    "description": "群組名稱",
                    "type": "string"
                },
                "id": {
                    "description": "id",
                    "type": "integer"
                },
                "phone": {
                    "description": "手機號碼",
                    "type": "string"
                },
                "pwd": {
                    "description": "密碼",
                    "type": "string"
                }
            }
        },
        "models.Doc_RegisterUserRM": {
            "type": "object",
            "properties": {
                "ErrorCode": {
                    "type": "string"
                },
                "ErrorMessage": {
                    "type": "string"
                },
                "data": {
                    "$ref": "#/definitions/models.Doc_RegisterModel"
                }
            }
        },
        "models.Doc_RequestRSA": {
            "type": "object",
            "properties": {
                "rsa": {
                    "type": "string"
                }
            }
        },
        "models.Doc_RoleModel": {
            "type": "object",
            "properties": {
                "createtime": {
                    "description": "建立時間",
                    "type": "string"
                },
                "createuser": {
                    "description": "建立人",
                    "type": "string"
                },
                "delflag": {
                    "description": "是否停用",
                    "type": "integer"
                },
                "groupkey": {
                    "description": "使用者群組代碼",
                    "type": "string"
                },
                "id": {
                    "description": "id",
                    "type": "integer"
                },
                "rolelevel": {
                    "description": "角色等級",
                    "type": "integer"
                },
                "rolememo": {
                    "description": "角色說明",
                    "type": "string"
                },
                "rolename": {
                    "description": "角色name",
                    "type": "string"
                },
                "updatetime": {
                    "description": "修改時間",
                    "type": "string"
                },
                "updateuser": {
                    "description": "修改人",
                    "type": "string"
                }
            }
        },
        "models.Doc_RoleRouteModel": {
            "type": "object",
            "properties": {
                "id": {
                    "description": "id",
                    "type": "integer"
                },
                "isdelete": {
                    "description": "檢視權限",
                    "type": "integer"
                },
                "isedit": {
                    "description": "檢視權限",
                    "type": "integer"
                },
                "isview": {
                    "description": "檢視權限",
                    "type": "integer"
                },
                "parentid": {
                    "description": "父功能id(json)",
                    "type": "integer"
                },
                "roleid": {
                    "description": "角色id",
                    "type": "integer"
                },
                "routeid": {
                    "description": "功能id(json)",
                    "type": "integer"
                },
                "routememo": {
                    "description": "備註",
                    "type": "string"
                },
                "routename": {
                    "description": "功能名稱(json)",
                    "type": "string"
                },
                "updatetime": {
                    "description": "最後修改時間",
                    "type": "string"
                },
                "updateuser": {
                    "description": "修改人",
                    "type": "string"
                }
            }
        },
        "models.Doc_RoleRouteReq": {
            "type": "object",
            "properties": {
                "data": {
                    "type": "array",
                    "items": {
                        "$ref": "#/definitions/models.Doc_RoleRouteModel"
                    }
                },
                "roleid": {
                    "description": "角色id",
                    "type": "integer"
                },
                "rolememo": {
                    "description": "角色說明",
                    "type": "string"
                },
                "rolename": {
                    "description": "角色name",
                    "type": "string"
                }
            }
        },
        "models.Doc_RoleWhere": {
            "type": "object",
            "properties": {
                "groupkey": {
                    "description": "使用者群組代碼",
                    "type": "string"
                }
            }
        },
        "models.Doc_StringRM": {
            "type": "object",
            "properties": {
                "ErrorCode": {
                    "type": "string"
                },
                "ErrorMessage": {
                    "type": "string"
                },
                "data": {
                    "type": "string"
                }
            }
        },
        "models.Doc_UserGroupModel": {
            "type": "object",
            "properties": {
                "createtime": {
                    "description": "建立時間",
                    "type": "string"
                },
                "createuser": {
                    "description": "建立人",
                    "type": "string"
                },
                "groupkey": {
                    "description": "使用者群組代碼",
                    "type": "string"
                },
                "groupmemo": {
                    "description": "群組說明",
                    "type": "string"
                },
                "groupname": {
                    "description": "群組名稱",
                    "type": "string"
                },
                "id": {
                    "description": "id",
                    "type": "integer"
                },
                "parentkey": {
                    "description": "父群組代碼",
                    "type": "string"
                },
                "updatetime": {
                    "description": "修改時間",
                    "type": "string"
                },
                "updateuser": {
                    "description": "修改人",
                    "type": "string"
                },
                "userkey": {
                    "description": "憑證碼",
                    "type": "string"
                }
            }
        },
        "models.Doc_UserGroupWhere": {
            "type": "object",
            "properties": {
                "groupkey": {
                    "description": "使用者群組代碼",
                    "type": "string"
                },
                "groupname": {
                    "description": "群組名稱",
                    "type": "string"
                },
                "updatetime_end": {
                    "description": "修改時間-迄",
                    "type": "string"
                },
                "updatetime_start": {
                    "description": "修改時間-起",
                    "type": "string"
                },
                "updateuser": {
                    "description": "修改人",
                    "type": "string"
                },
                "userkey": {
                    "description": "憑證碼",
                    "type": "string"
                }
            }
        },
        "models.Doc_UserLoginModel": {
            "type": "object",
            "properties": {
                "cid": {
                    "description": "登入狀態驗證",
                    "type": "string"
                }
            }
        },
        "models.Doc_UserLoginRM": {
            "type": "object",
            "properties": {
                "ErrorCode": {
                    "type": "string"
                },
                "ErrorMessage": {
                    "type": "string"
                },
                "data": {
                    "$ref": "#/definitions/models.Doc_UserLoginModel"
                }
            }
        },
        "models.Doc_UserLoginReq": {
            "type": "object",
            "properties": {
                "account": {
                    "description": "帳號(郵箱)",
                    "type": "string"
                },
                "pwd": {
                    "description": "密碼",
                    "type": "string"
                }
            }
        },
        "models.ExternalResponse": {
            "type": "object",
            "properties": {
                "ErrorCode": {
                    "type": "string"
                },
                "ErrorMessage": {
                    "type": "string"
                },
                "data": {}
            }
        },
        "models.ForgetPasswordRequest": {
            "type": "object",
            "properties": {
                "ensurePassword": {
                    "type": "string",
                    "maxLength": 20,
                    "minLength": 6
                },
                "otpCode": {
                    "type": "string"
                },
                "password": {
                    "type": "string",
                    "maxLength": 20,
                    "minLength": 6
                },
                "phoneNumber": {
                    "type": "string"
                }
            }
        },
        "models.GetVerifyCodeRequest": {
            "type": "object",
            "properties": {
                "countryCode": {
                    "type": "integer"
                },
                "phoneNumber": {
                    "type": "string",
                    "minLength": 1
                }
            }
        },
        "models.OTPCheckRequest": {
            "type": "object",
            "properties": {
                "appkey": {
                    "type": "string"
                },
                "otpcode": {
                    "type": "string"
                }
            }
        },
        "models.OrderByInfo": {
            "type": "object",
            "properties": {
                "columnname": {
                    "type": "string"
                },
                "orderby": {
                    "type": "string"
                }
            }
        },
        "models.PageInfoRequest": {
            "type": "object",
            "properties": {
                "limit": {
                    "type": "integer"
                },
                "number": {
                    "type": "integer"
                }
            }
        },
        "models.PostAppReq": {
            "type": "object",
            "properties": {
                "cid": {
                    "type": "string"
                },
                "orderby": {
                    "$ref": "#/definitions/models.OrderByInfo"
                },
                "page": {
                    "$ref": "#/definitions/models.PageInfoRequest"
                },
                "where": {
                    "$ref": "#/definitions/models.Doc_AppWhere"
                }
            }
        },
        "models.TestVideo": {
            "type": "object",
            "properties": {
                "code": {
                    "type": "string"
                },
                "id": {
                    "type": "integer"
                },
                "testBoolean": {
                    "type": "boolean"
                }
            }
        },
        "models.TestVideoRequestBody": {
            "type": "object",
            "properties": {
                "testId": {
                    "type": "integer"
                },
                "videoId": {
                    "type": "integer"
                }
            }
        },
        "models.UpdateStatusModel": {
            "type": "object",
            "properties": {
                "action": {
                    "description": "新增:add / 刪除:delete / 修改:edit",
                    "type": "string"
                },
                "status": {
                    "description": "異動成功:true / 失敗:false",
                    "type": "boolean"
                }
            }
        }
    }
}